{
	"$schema": "https://schemas.wp.org/wp/6.8/theme.json",
	"customTemplates": [
		{
			"name": "blog-grid-layout",
			"postTypes": [
				"page"
			],
			"title": "Grid Layout(Archieve posts)"
		},
		{
			"name": "blog-left-sidebar",
			"postTypes": [
				"page"
			],
			"title": "Left Sidebar(Archieve posts)"
		},
		{
			"name": "blog-right-sidebar",
			"postTypes": [
				"page"
			],
			"title": "Right Sidebar(Archieve posts)"
		},
		{
			"name": "page-left-sidebar",
			"postTypes": [
				"page"
			],
			"title": "Page Left Sidebar"
		},
		{
			"name": "page-right-sidebar",
			"postTypes": [
				"page"
			],
			"title": "Page Right Sidebar"
		},
		{
			"name": "page-no-header-image",
			"postTypes": [
				"page"
			],
			"title": "Page No Header Image"
		},
		{
			"name": "post-left-sidebar",
			"postTypes": [
				"post"
			],
			"title": "Post Left Sidebar"
		},
		{
			"name": "post-no-sidebar",
			"postTypes": [
				"post"
			],
			"title": "Post No Sidebar"
		},
		{
			"name": "post-no-header-image",
			"postTypes": [
				"post"
			],
			"title": "Post No Header Image"
		}
	],
	"settings": {
		"appearanceTools": true,
		"color": {
			"gradients": [
				{
					"gradient": "linear-gradient(to bottom,var(--wp--preset--color--heading) 0%,var(--wp--preset--color--base) 100%)",
					"name": "Vertical heading to base",
					"slug": "vertical-heading-to-base"
				},
				{
					"gradient": "linear-gradient(to bottom,var(--wp--preset--color--base) 0%,var(--wp--preset--color--heading) 100%)",
					"name": "Vertical base to heading",
					"slug": "vertical-base-to-heading"
				},
				{
					"gradient": "linear-gradient(86deg,var(--wp--preset--color--heading) 0%,var(--wp--preset--color--base) 100%)",
					"name": "Heading to base",
					"slug": "heading-to-base"
				},
				{
					"gradient": "linear-gradient(86deg,var(--wp--preset--color--base) 0%,var(--wp--preset--color--heading) 100%)",
					"name": "Base to heading",
					"slug": "base-to-heading"
				},
				{
					"gradient": "linear-gradient(to bottom left,var(--wp--preset--color--heading) 50%,var(--wp--preset--color--base) 50%)",
					"name": "Diagonal heading to base left",
					"slug": "diagonal-heading-to-base-left"
				},
				{
					"gradient": "linear-gradient(to top right,var(--wp--preset--color--heading) 50%,var(--wp--preset--color--base) 50%)",
					"name": "Diagonal heading to base right",
					"slug": "diagonal-heading-to-base-right"
				},
				{
					"gradient": "linear-gradient(to bottom right,var(--wp--preset--color--base) 50%,var(--wp--preset--color--heading) 50%)",
					"name": "Diagonal base to heading",
					"slug": "diagonal-base-to-heading"
				},
				{
					"gradient": "linear-gradient(to bottom right,var(--wp--preset--color--heading) 50%,var(--wp--preset--color--base) 50%)",
					"name": "Diagonal heading to base",
					"slug": "diagonal-heading-to-base"
				},
				{
					"gradient": "linear-gradient(to bottom,var(--wp--preset--color--heading) 0%,var(--wp--preset--color--primary) 100%)",
					"name": "Vertical heading to primary",
					"slug": "vertical-heading-to-primary"
				},
				{
					"gradient": "linear-gradient(to bottom,var(--wp--preset--color--primary) 0%,var(--wp--preset--color--heading) 100%)",
					"name": "Vertical primary to heading",
					"slug": "vertical-primary-to-heading"
				},
				{
					"gradient": "linear-gradient(86deg,var(--wp--preset--color--heading) 0%,var(--wp--preset--color--primary) 100%)",
					"name": "Heading to primary",
					"slug": "heading-to-primary"
				},
				{
					"gradient": "linear-gradient(86deg,var(--wp--preset--color--primary) 0%,var(--wp--preset--color--heading) 100%)",
					"name": "Primary to heading",
					"slug": "primary-to-heading"
				},
				{
					"gradient": "linear-gradient(to bottom left,var(--wp--preset--color--heading) 50%,var(--wp--preset--color--primary) 50%)",
					"name": "Diagonal heading to primary left",
					"slug": "diagonal-heading-to-primary-left"
				},
				{
					"gradient": "linear-gradient(to top right,var(--wp--preset--color--heading) 50%,var(--wp--preset--color--primary) 50%)",
					"name": "Diagonal heading to primary right",
					"slug": "diagonal-heading-to-primary-right"
				},
				{
					"gradient": "linear-gradient(to bottom right,var(--wp--preset--color--primary) 50%,var(--wp--preset--color--heading) 50%)",
					"name": "Diagonal primary to heading",
					"slug": "diagonal-primary-to-heading"
				},
				{
					"gradient": "linear-gradient(to bottom right,var(--wp--preset--color--heading) 50%,var(--wp--preset--color--primary) 50%)",
					"name": "Diagonal heading to primary",
					"slug": "diagonal-heading-to-primary"
				},
				{
					"gradient": "linear-gradient(to bottom,var(--wp--preset--color--primary) 0%,var(--wp--preset--color--secondary) 100%)",
					"name": "Vertical primary to secondary",
					"slug": "vertical-primary-to-secondary"
				},
				{
					"gradient": "linear-gradient(to bottom,var(--wp--preset--color--secondary) 0%,var(--wp--preset--color--primary) 100%)",
					"name": "Vertical secondary to primary",
					"slug": "vertical-secondary-to-primary"
				},
				{
					"gradient": "linear-gradient(86deg,var(--wp--preset--color--secondary) 0%,var(--wp--preset--color--primary) 100%)",
					"name": "secondary to primary",
					"slug": "secondary-to-primary"
				},
				{
					"gradient": "linear-gradient(86deg,var(--wp--preset--color--primary) 0%,var(--wp--preset--color--secondary) 100%)",
					"name": "Primary to secondary",
					"slug": "primary-to-secondary"
				},
				{
					"gradient": "linear-gradient(to bottom left,var(--wp--preset--color--primary) 50%,var(--wp--preset--color--secondary) 50%)",
					"name": "Diagonal primary to secondary left",
					"slug": "diagonal-primary-to-secondary-left"
				},
				{
					"gradient": "linear-gradient(to top right,var(--wp--preset--color--primary) 50%,var(--wp--preset--color--secondary) 50%)",
					"name": "Diagonal primary to secondary right",
					"slug": "diagonal-primary-to-secondary-right"
				},
				{
					"gradient": "linear-gradient(to bottom right,var(--wp--preset--color--secondary) 50%,var(--wp--preset--color--primary) 50%)",
					"name": "Diagonal secondary to primary",
					"slug": "diagonal-secondary-to-primary"
				},
				{
					"gradient": "linear-gradient(to bottom right,var(--wp--preset--color--primary) 50%,var(--wp--preset--color--secondary) 50%)",
					"name": "Diagonal primary to secondary",
					"slug": "diagonal-primary-to-secondary"
				},
				{
					"gradient": "linear-gradient(53deg, var(--wp--preset--color--ternary) 47%, var(--wp--preset--color--ternary-light) 47%)",
					"name": "Diagonal Ternary to Ternary-light",
					"slug": "diagonal-ternary-to-ternary-light"
				}
			],
			"palette": [
				{
					"color": "#FFFFFF",
					"name": "Base",
					"slug": "base"
				},
				{
					"color": "#345DE6",
					"name": "Primary",
					"slug": "primary"
				},
				{
					"color": "#41A15E",
					"name": "Secondary",
					"slug": "secondary"
				},
				{
					"color": "#FFC200",
					"name": "Ternary",
					"slug": "ternary"
				},
				{
					"color": "#ECF0FF",
					"name": "Primary Light",
					"slug": "primary-light"
				},
				{
					"color": "#FFF9E4",
					"name": "Ternary Light",
					"slug": "ternary-light"
				},
				{
					"color": "#000000",
					"name": "Headings",
					"slug": "heading"
				},
				{
					"color": "#707D95",
					"name": "Body Text",
					"slug": "body-text"
				},
				{
					"color": "#f8f8f8",
					"name": "Section Background",
					"slug": "section-bg"
				},
				{
					"color": "#ffffff",
					"name": "Background",
					"slug": "background"
				},
				{
					"color": "#000000",
					"name": "Foreground",
					"slug": "foreground"
				},
				{
					"color": "#D9D9D9",
					"name": "Border Color",
					"slug": "border-color"
				},
				{
					"color": "#a7aaad",
					"name": "Sidebar Shadow Color",
					"slug": "sidebar-shadow-color"
				}
			]
		},
		"layout": {
			"contentSize": "999px",
			"wideSize": "1170px"
		},
		"spacing": {
			"units": [
				"px",
				"%",
				"em",
				"rem",
				"vh",
				"vw"
			]
		},
		"typography": {
			"defaultFontSizes": false,
			"fontFamilies": [
				{
					"fontFace": [
						{
							"fontFamily": "Oswald",
							"fontStretch": "normal",
							"fontStyle": "normal",
							"fontWeight": "200 700",
							"src": [
								"file:./assets/fonts/oswald/Oswald-VariableFont_wght.ttf"
							]
						}
					],
					"fontFamily": "\"Oswald\", sans-serif",
					"name": "Oswald",
					"slug": "oswald"
				},
				{
					"fontFace": [
						{
							"fontFamily": "Barlow Condensed",
							"fontStretch": "normal",
							"fontStyle": "normal",
							"fontWeight": "100",
							"src": [
								"file:./assets/fonts/barlow_condensed/BarlowCondensed-Thin.ttf"
							]
						},
						{
							"fontFamily": "Barlow Condensed",
							"fontStretch": "normal",
							"fontStyle": "normal",
							"fontWeight": "200",
							"src": [
								"file:./assets/fonts/barlow_condensed/BarlowCondensed-ExtraLight.ttf"
							]
						},
						{
							"fontFamily": "Barlow Condensed",
							"fontStretch": "normal",
							"fontStyle": "normal",
							"fontWeight": "300",
							"src": [
								"file:./assets/fonts/barlow_condensed/BarlowCondensed-Light.ttf"
							]
						},
						{
							"fontFamily": "Barlow Condensed",
							"fontStretch": "normal",
							"fontStyle": "normal",
							"fontWeight": "400",
							"src": [
								"file:./assets/fonts/barlow_condensed/BarlowCondensed-Regular.ttf"
							]
						},
						{
							"fontFamily": "Barlow Condensed",
							"fontStretch": "normal",
							"fontStyle": "normal",
							"fontWeight": "500",
							"src": [
								"file:./assets/fonts/barlow_condensed/BarlowCondensed-Medium.ttf"
							]
						},
						{
							"fontFamily": "Barlow Condensed",
							"fontStretch": "normal",
							"fontStyle": "normal",
							"fontWeight": "600",
							"src": [
								"file:./assets/fonts/barlow_condensed/BarlowCondensed-SemiBold.ttf"
							]
						},
						{
							"fontFamily": "Barlow Condensed",
							"fontStretch": "normal",
							"fontStyle": "normal",
							"fontWeight": "700",
							"src": [
								"file:./assets/fonts/barlow_condensed/BarlowCondensed-Bold.ttf"
							]
						},
						{
							"fontFamily": "Barlow Condensed",
							"fontStretch": "normal",
							"fontStyle": "normal",
							"fontWeight": "800",
							"src": [
								"file:./assets/fonts/barlow_condensed/BarlowCondensed-ExtraBold.ttf"
							]
						},
						{
							"fontFamily": "Barlow Condensed",
							"fontStretch": "normal",
							"fontStyle": "normal",
							"fontWeight": "900",
							"src": [
								"file:./assets/fonts/barlow_condensed/BarlowCondensed-Black.ttf"
							]
						}
					],
					"fontFamily": "\"Barlow Condensed\", sans-serif",
					"name": "Barlow Condensed",
					"slug": "barlow-condensed"
				},
				{
					"fontFace": [
						{
							"fontFamily": "Inter",
							"fontStretch": "normal",
							"fontStyle": "normal",
							"fontWeight": "100 900",
							"src": [
								"file:./assets/fonts/inter/Inter-VariableFont_opsz,wght.ttf"
							]
						},
						{
							"fontFamily": "Inter",
							"fontStretch": "normal",
							"fontStyle": "italic",
							"fontWeight": "100 900",
							"src": [
								"file:./assets/fonts/inter/Inter-Italic-VariableFont_opsz,wght.ttf"
							]
						}
					],
					"fontFamily": "\"Inter\", sans-serif",
					"name": "Inter",
					"slug": "inter"
				},
				{
					"fontFace": [
						{
							"fontFamily": "Figtree",
							"fontStretch": "normal",
							"fontStyle": "normal",
							"fontWeight": "300 900",
							"src": [
								"file:./assets/fonts/figtree/Figtree-VariableFont_wght.ttf"
							]
						},
						{
							"fontFamily": "Figtree",
							"fontStretch": "normal",
							"fontStyle": "italic",
							"fontWeight": "300 900",
							"src": [
								"file:./assets/fonts/figtree/Figtree-Italic-VariableFont_wght.ttf"
							]
						}
					],
					"fontFamily": "\"Figtree\", sans-serif",
					"name": "Figtree",
					"slug": "figtree"
				},
				{
					"fontFace": [
						{
							"fontFamily": "Outfit",
							"fontStretch": "normal",
							"fontStyle": "normal",
							"fontWeight": "100 900",
							"src": [
								"file:./assets/fonts/outfit/Outfit-VariableFont_wght.ttf"
							]
						}
					],
					"fontFamily": "\"Outfit\", sans-serif",
					"name": "Outfit",
					"slug": "outfit"
				},
				{
					"fontFace": [
						{
							"fontFamily": "Lora",
							"fontStretch": "normal",
							"fontStyle": "normal",
							"fontWeight": "400 700",
							"src": [
								"file:./assets/fonts/lora/Lora-VariableFont_wght.ttf"
							]
						},
						{
							"fontFamily": "Lora",
							"fontStretch": "normal",
							"fontStyle": "italic",
							"fontWeight": "400 700",
							"src": [
								"file:./assets/fonts/lora/Lora-Italic-VariableFont_wght.ttf"
							]
						}
					],
					"fontFamily": "\"Lora\", serif",
					"name": "Lora",
					"slug": "lora"
				}
			],
			"fontSizes": [
				{
					"name": "Body Text",
					"size": "17px",
					"slug": "body-text"
				},
				{
					"name": "Extra Small",
					"size": "14px",
					"slug": "extra-small"
				},
				{
					"name": "Small",
					"size": "16px",
					"slug": "small"
				},
				{
					"name": "Medium",
					"size": "18px",
					"slug": "medium"
				},
				{
					"name": "Regular",
					"size": "22px",
					"slug": "regular"
				},
				{
					"name": "Large",
					"size": "26px",
					"slug": "large"
				},
				{
					"name": "Extra Large",
					"size": "32px",
					"slug": "extra-large"
				},
				{
					"name": "Big",
					"size": "clamp(1.875rem, 1.725rem + 0.75vw, 2.625rem);",
					"slug": "big"
				},
				{
					"name": "Huge",
					"size": "clamp(40px, calc(2.25rem + ((1vw - 3.2px) * 2.375)), 74px);",
					"slug": "huge"
				},
				{
					"name": "Gigantic",
					"size": "clamp(42px, calc(2.625rem + ((1vw - 3.2px) * 2.75)), 86px);",
					"slug": "gigantic"
				},
				{
					"name": "Banner Title",
					"size": "clamp(2rem, 1.6rem + 2vw, 4rem);",
					"slug": "banner-title"
				}
			],
			"fontWeight": true
		},
		"useRootPaddingAwareAlignments": true
	},
	"styles": {
		"blocks": {
			"core/navigation": {
				"color": {
					"text": "var(--wp--preset--color--white);"
				},
				"elements": {
					"link": {
						":active": {
							"color": {
								"text": "var(--wp--preset--color--primary);"
							}
						},
						":focus": {
							"color": {
								"text": "var(--wp--preset--color--primary);"
							}
						},
						":hover": {
							"color": {
								"text": "var(--wp--preset--color--primary);"
							}
						}
					}
				},
				"typography": {
					"fontWeight": "600",
					"letterSpacing": "2px"
				}
			},
			"core/site-title": {
				"elements": {
					"link": {
						"color": {
							"text": "var(--wp--preset--color--white);"
						},
						"typography": {
							"textDecoration": "none"
						}
					}
				},
				"typography": {
					"fontSize": "clamp(1.875rem, 1.661rem + 1.071vw, 2.625rem);",
					"fontWeight": "700",
					"lineHeight": "1.2"
				}
			}
		},
		"color": {
			"background": "var(--wp--preset--color--base)",
			"text": "var(--wp--preset--color--body-text)"
		},
		"elements": {
			"button": {
				":focus": {
					"color": {
						"background": "var(--wp--preset--color--secondary)",
						"text": "var(--wp--preset--color--white)"
					}
				},
				":hover": {
					"color": {
						"background": "var(--wp--preset--color--secondary)",
						"text": "var(--wp--preset--color--white)"
					}
				},
				"color": {
					"background": "var(--wp--preset--color--primary)",
					"text": "var(--wp--preset--color--white)"
				}
			},
			"h1": {
				"typography": {
					"fontSize": "50px",
					"lineHeight": "1.5"
				}
			},
			"h2": {
				"typography": {
					"fontSize": "44px",
					"lineHeight": "1.3"
				}
			},
			"h3": {
				"typography": {
					"fontSize": "28px"
				}
			},
			"h4": {
				"typography": {
					"fontSize": "25px"
				}
			},
			"h5": {
				"typography": {
					"fontSize": "22px"
				}
			},
			"h6": {
				"typography": {
					"fontSize": "18px"
				}
			},
			"heading": {
				"color": {
					"text": "var(--wp--preset--color--heading)"
				},
				"typography": {
					"fontFamily": "var(--wp--preset--font-family--oswald)",
					"fontWeight": "400"
				}
			},
			"link": {
				":focus": {
					"color": {
						"text": "var(--wp--preset--color--primary)"
					},
					"outline": {
						"style": "dotted",
						"width": "1px"
					}
				},
				":hover": {
					"color": {
						"text": "var(--wp--preset--color--primary)"
					}
				},
				"color": {
					"text": "var(--wp--preset--color--heading)"
				}
			}
		},
		"spacing": {
			"margin": {
				"bottom": "0",
				"left": "0",
				"right": "0",
				"top": "0"
			},
			"padding": {
				"bottom": "0",
				"left": "0",
				"right": "0",
				"top": "0"
			}
		},
		"typography": {
			"fontFamily": "var(--wp--preset--font-family--oswald)",
			"fontSize": "var(--wp--preset--font-size--body-text)",
			"fontWeight": "400",
			"lineHeight": "1.5rem"
		}
	},
	"templateParts": [
		{
			"area": "header",
			"name": "header",
			"title": "Header"
		},
		{
			"area": "footer",
			"name": "footer",
			"title": "Footer"
		},
		{
			"area": "uncategorized",
			"name": "sidebar",
			"title": "Sidebar"
		}
	],
	"title": "Lite",
	"version": 3
}