{
  "$schema": "https://schemas.wp.org/trunk/theme.json",
  "title": "Dark",
  "version": 2,
  "settings": {
    "color": {
        "palette": [
            {
                "color": "#121212",
                "name": "Base",
                "slug": "base"
            },
            {
                "color": "#345DE6",
                "name": "Primary",
                "slug": "primary"
            },
            {
                "color": "#41A15E",
                "name": "Secondary",
                "slug": "secondary"
            },
            {
                "color": "#FFC200",
                "name": "Ternary",
                "slug": "ternary"
            },
            {
                "color": "#ECF0FF",
                "name": "Primary Light",
                "slug": "primary-light"
            },
            {
                "color": "#FFF9E4",
                "name": "Ternary Light",
                "slug": "ternary-light"
            },
            {
                "color": "#FFFFFF",
                "name": "Headings",
                "slug": "heading"
            },
            {
                "color": "#C0CADB",
                "name": "Body Text",
                "slug": "body-text"
            },
            {
                "color": "#1E1E1E",
                "name": "Section Background",
                "slug": "section-bg"
            },
            {
                "color": "#0F0F0F",
                "name": "Background",
                "slug": "background"
            },
            {
                "color": "#FFFFFF",
                "name": "Foreground",
                "slug": "foreground"
            },
            {
                "color":"#3C3C3C",
                "name": "Border Color",
                "slug": "border-color"
            },
            {
                "color":"#2A2A2A",
                "name": "Sidebar Shadow Color",
                "slug": "sidebar-shadow-color"
            }
            
        ]
    }
  }
}