{
  "$schema": "https://schemas.wp.org/trunk/theme.json",
  "title": "Variation5",
  "version": 2,
  "settings": {
    "color": {
        "palette": [
            {
                "color": "#FFFFFF",
                "name": "Base",
                "slug": "base"
            },
            {
                "color": "#F7C600",
                "name": "Primary",
                "slug": "primary"
            },
            {
                "color": "#0052CC",
                "name": "Secondary",
                "slug": "secondary"
            },
            {
                "color": "#00C853",
                "name": "Ternary",
                "slug": "ternary"
            },
            {
                "color": "#FFF8DC",
                "name": "Primary Light",
                "slug": "primary-light"
            },
            {
                "color": "#E0F7FA",
                "name": "Ternary Light",
                "slug": "ternary-light"
            },
            {
                "color": "#000000",
                "name": "Headings",
                "slug": "heading"
            },
            {
                "color": "#707D95",
                "name": "Body Text",
                "slug": "body-text"
            },
            {
                "color": "#F8F8F8",
                "name": "Section Background",
                "slug": "section-bg"
            },
            {
                "color": "#FFFFFF",
                "name": "Background",
                "slug": "background"
            },
            {
                "color": "#000000",
                "name": "Foreground",
                "slug": "foreground"
            },
            {
                "color":"#D9D9D9",
                "name": "Border Color",
                "slug": "border-color"
            },
            {
                "color":"#A7AAAD",
                "name": "Sidebar Shadow Color",
                "slug": "sidebar-shadow-color"
            }
            
        ]
    }
  }
}